place_id,name,address,zip,city,rating,user_ratings_total,business_status,lat,lng
ChIJm9PdmKGot4kRLYWyYngz2k4,Manokeek Wine and Spirits,"7091 Berry Rd Unit B, Accokeek, MD 20607, United States",20607,Accokeek,4.3,103,OPERATIONAL,38.6591483,-77.0149129
ChIJ6wpCPQKmt4kRfK7PPURqE9M,Accokeek Liquors,"15789 Livingston Rd, Accokeek, MD 20607, United States",20607,Accokeek,4,41,OPERATIONAL,38.6713594,-77.0090137
ChIJo4cmXZ-lt4kRr1F_6871LK0,Brother Liquors ( best store),"12788 Old Fort Rd Ste B, Fort Washington, MD 20744, United States",20607,Accokeek,4.3,76,OPERATIONAL,38.711791,-76.98816599999999
ChIJL3mbNzKlt4kRGxqS-rmvvJc,Fort Washington Liquors,"10200-B Old Fort Rd, Fort Washington, MD 20744, United States",20607,Accokeek,4.5,61,OPERATIONAL,38.7516616,-76.978194
ChIJqVmEYqqjt4kRqv-cDXcm8sc,Three Roads Liquors,"13704 Brandywine Rd, Brandywine, MD 20613, United States",20607,Accokeek,4.2,240,OPERATIONAL,38.7018395,-76.8750797
ChIJN5DbPXKlt4kRnLg4Yp2kqZc,Nuwave Liquors LLC,"964 Swan Creek Rd E #5251, Fort Washington, MD 20744, United States",20607,Accokeek,2.9,65,OPERATIONAL,38.726405,-76.9930533
ChIJQ5x9qlylt4kR1WPjNDGqq3k,Silesia Liquors (BEST STORE),"10909 Livingston Rd # B, Fort Washington, MD 20744, United States",20607,Accokeek,4.5,189,OPERATIONAL,38.7423609,-76.9992589
ChIJO_o4-dSjt4kR_Sn0BrsazVA,Wine & Liquor Depot,"16002 Crain Hwy Unit D, Brandywine, MD 20613, United States",20607,Accokeek,4.2,147,OPERATIONAL,38.6705468,-76.8751669
ChIJ7bFPD6PHt4kRxshaJKMj-Q4,Kaywood Liquors Inc,"2205 Varnum St, Mt Rainier, MD 20712, United States",20608,Aquasco,4.5,72,OPERATIONAL,38.9435626,-76.9729022
ChIJQwjpj8XAt4kRJeZJtQiEiD4,Zach's Liquor,"6519 Annapolis Rd, Hyattsville, MD 20784, United States",20608,Aquasco,4.6,141,OPERATIONAL,38.9394695,-76.90582169999999
ChIJay_QxF6it4kRkV3DMP_N24o,Brandywine Liquors,"14121 Brandywine Rd, Brandywine, MD 20613, United States",20613,Brandywine,4.2,46,OPERATIONAL,38.6968347,-76.84964769999999
ChIJU_6sIc2jt4kRE8gLD9MNg50,Brandywine Crossing,"15802-16004 Crain Hwy, Brandywine, MD 20613, United States",20613,Brandywine,4.3,2633,OPERATIONAL,38.6739497,-76.87427509999999
ChIJxfRnggCYt4kRggz9Gqr4OkU,The Liquor Junction,"11201 Crain Hwy, Cheltenham, MD 20623, United States",20623,Cheltenham,3.9,121,OPERATIONAL,38.7357715,-76.8257088
ChIJfeoJb8GXt4kRzM77eOpxTsQ,Marlton Liquors,"9518 Crain Hwy, Upper Marlboro, MD 20772, United States",20623,Cheltenham,4.3,85,OPERATIONAL,38.7594538,-76.8072862
ChIJZ6gSyZTBt4kR_P7LfpxkCmY,Economy Liquors,"9352 Lanham Severn Rd, Lanham, MD 20706, United States",20703,Lanham,4.3,178,OPERATIONAL,38.9717315,-76.8483203
ChIJVf0zc7zBt4kR-eI9n7Pqs7E,Liquor City,"9115 Annapolis Rd, Lanham, MD 20706, United States",20703,Lanham,4.3,124,OPERATIONAL,38.9633386,-76.8563162
ChIJlyILalbBt4kRB-_SGW0NhxQ,Big Daddy's Discount Liquors,"9430 Annapolis Rd, Lanham, MD 20706, United States",20703,Lanham,4.2,79,OPERATIONAL,38.96540239999999,-76.8425211
ChIJx2UUMQHBt4kRlh3rvuQINJo,450 Drive In Liquors,"7904 Annapolis Rd, New Carrollton, MD 20784, United States",20703,Lanham,3.9,60,OPERATIONAL,38.9544669,-76.87598070000001
ChIJtyNYVAfCt4kRMH9yp27NSFo,Eastgate Liquors,"10505 Greenbelt Rd, Lanham, MD 20706, United States",20703,Lanham,4,150,OPERATIONAL,38.9892264,-76.82376719999999
ChIJOdw-OcLBt4kR01QVX1Pad4o,Gem Liquors,"9443 Annapolis Rd, Lanham, MD 20706, United States",20703,Lanham,4.5,133,OPERATIONAL,38.9640367,-76.8449104
ChIJH3EBewPCt4kRwRutq0StsaA,Orbit Beer & Wine,"9900 Greenbelt Rd Unit J, Lanham, MD 20706, United States",20703,Lanham,4.6,44,OPERATIONAL,38.991465,-76.8333125
ChIJ9RGi3BvAt4kRBIl7srSN5TI,Woodmore Wine & Spirits,"2801 Campus Way N, Glenarden, MD 20706, United States",20703,Lanham,4.5,347,OPERATIONAL,38.9224181,-76.84833859999999
ChIJE4l5HV_At4kRELkMNBkjM6U,A-1 Liquor & Restaurant,"7910 Martin Luther King Jr Hwy, Glenarden, MD 20706, United States",20703,Lanham,4.1,202,OPERATIONAL,38.93178990000001,-76.8690002
ChIJ4czZavzDt4kRlaKsOMuEIQQ,Greenbelt Liquors,"6000 Greenbelt Rd Ste 68, Greenbelt, MD 20770, United States",20703,Lanham,4.5,322,OPERATIONAL,38.9988804,-76.9101943
ChIJfdf4XPfEt4kRGZr08VdaTH0,Maryland Farms Liquors,"11450 Cherry Hill Rd, Beltsville, MD 20705, United States",20704,Beltsville,4.3,462,OPERATIONAL,39.0444931,-76.9522336
ChIJJUATzoLDt4kRS2YTLLTysNg,LAX Wine and Spirits,"11011 Baltimore Ave, Beltsville, MD 20705, United States",20704,Beltsville,4.5,1297,OPERATIONAL,39.0333778,-76.9069882
ChIJ0Ync9IfDt4kRuz-HhWABsV4,Route 1 Discount Liquors,"10500 Baltimore Ave, Beltsville, MD 20705, United States",20704,Beltsville,4.2,143,OPERATIONAL,39.0289527,-76.9172665
ChIJqT2EDojDt4kRJL7WPOKV2DY,Triangle Beer & Wines,"10400 Rhode Island Ave, Beltsville, MD 20705, United States",20704,Beltsville,4.5,35,OPERATIONAL,39.02651600000001,-76.9172014
ChIJw6PM4XHDt4kRBGPDevCfY_E,Veterans' Liquors,"11620 Baltimore Ave, Beltsville, MD 20705, United States",20704,Beltsville,4.3,137,OPERATIONAL,39.0447934,-76.90252509999999
ChIJCf2qooHDt4kRYNbpEv44Rzw,New Vision Liquor,"10820 Rhode Island Ave, Beltsville, MD 20705, United States",20704,Beltsville,3.9,32,OPERATIONAL,39.0341855,-76.9138981
ChIJtYuwjXPDt4kRNieAoNUiMl4,Spartan's Liquor & Deli,"11421 Old Baltimore Pike, Beltsville, MD 20705, United States",20704,Beltsville,4.3,75,OPERATIONAL,39.0401646,-76.8992894
ChIJaXc7aZLEt4kRNHWayLMhJqg,Calverton Liquors,"11717 Beltsville Dr, Calverton, MD 20705, United States",20704,Beltsville,4.1,196,OPERATIONAL,39.0488737,-76.9375867
ChIJD2NGTPzDt4kR4ncOWnUZfj8,Parkway Liquors,"6017 Greenbelt Rd, Berwyn Heights, MD 20740, United States",20704,Beltsville,4.3,149,OPERATIONAL,38.9973312,-76.9105235
ChIJ7Tzi5Rfdt4kRh4Ogyb4XjTU,Laurel Beer Wine & Spirits,"8501 Cherry Ln, Laurel, MD 20707, United States",20704,Beltsville,4.5,462,OPERATIONAL,39.0923508,-76.8587246
ChIJnwGCXgLEt4kRGHFevo78eoU,Village Pump Liquors,"4901 Greenbelt Rd, College Park, MD 20740, United States",20704,Beltsville,4.6,393,OPERATIONAL,38.9980237,-76.9267177
ChIJb-WkILLCt4kR4qJMGyCuEQE,TONYS LIQUOR,"12637 Laurel - Bowie Rd, Laurel, MD 20708, United States",20704,Beltsville,4.1,114,OPERATIONAL,39.063928,-76.8375671
ChIJOwdidYfDt4kRio76qNh2A6Y,Chestnut Hill Liquor,"10550 Baltimore Ave, Beltsville, MD 20705, United States",20704,Beltsville,4.4,44,OPERATIONAL,39.0289863,-76.9171969
ChIJMZ_slirdt4kRcy4sARGG7wc,Luxe Liquor,"13462 Baltimore Ave, Laurel, MD 20707, United States",20705,Beltsville,4.8,10,OPERATIONAL,39.0761911,-76.8710007
ChIJp-7PnCndt4kRnHJy6hMTmAM,Laurel Park Liquor,"13600 Baltimore Ave #208, Laurel, MD 20707, United States",20705,Beltsville,4.2,23,OPERATIONAL,39.0775065,-76.87071929999999
ChIJUaoKwl3Ft4kRC6MVPKrz_1U,Samosas Wine & Spirits,"10250 Ste C, Baltimore Ave, College Park, MD 20740, United States",20705,Beltsville,5,6,OPERATIONAL,39.0226664,-76.9258787
ChIJj9CvSlzdt4kRdDrFxRbt2F4,Laurel Lakes Liquors,"14132 Baltimore Ave, Laurel, MD 20707, United States",20705,Beltsville,4.3,76,OPERATIONAL,39.083802,-76.86475039999999
ChIJFYGpSPfEt4kRZAaNQIxF_Ig,Strauss Enterprises Inc,"11450 Cherry Hill Rd, Beltsville, MD 20705, United States",20705,Beltsville,3,1,OPERATIONAL,39.044486,-76.9522388
ChIJV6OUrhbdt4kRtdbYtaKgHTs,Astor Wine and Spirits,"364 Domer Ave #11, Laurel, MD 20707, United States",20705,Beltsville,4.2,111,OPERATIONAL,39.095885,-76.856186
ChIJS-9WC67Dt4kRQcWCRz7NGtk,North South Liquor,"8849 Greenbelt Rd, Greenbelt, MD 20770, United States",20705,Beltsville,3.8,52,OPERATIONAL,38.9902741,-76.8528101
ChIJZe5-SNTDt4kRA9ftX6HrwkU,Greenway Liquors,"7533 Greenbelt Rd, Greenbelt, MD 20770, United States",20705,Beltsville,4.3,126,OPERATIONAL,38.992139,-76.87833119999999
ChIJfVQntQXdt4kRVNyXVKW5kCM,Laurel Liquors,"420 Sandy Spring Rd, Laurel, MD 20707, United States",20705,Beltsville,4.2,107,OPERATIONAL,39.1056412,-76.8632366
ChIJDYsqbQvdt4kRWOha_TU08cs,Cork & Bottle Liquors,"516 Main St, Laurel, MD 20707, United States",20705,Beltsville,4.4,59,OPERATIONAL,39.1070107,-76.8509341
ChIJD7aJN5rct4kRr8i-t7r_f8Q,TUBBY'S LIQUORS,"5701 Sandy Spring Rd, Laurel, MD 20707, United States",20705,Beltsville,4.3,452,OPERATIONAL,39.1033014,-76.90890259999999
ChIJ1YKg1JzDt4kRzcmGMbpiLmw,Shmidt Spirits,"10360 Southard Dr, Beltsville, MD 20705, United States",20705,Beltsville,5,55,OPERATIONAL,39.0322732,-76.9065863
ChIJPaNcTqjBt4kRM7lQoJits2w,New Carrollton Liquors,"8433 Annapolis Rd, New Carrollton, MD 20784, United States",20706,Lanham,4.5,163,OPERATIONAL,38.9563865,-76.869522
ChIJ6yIcSADBt4kRFGu6rcFLSZc,L. London Fine Wine & Spirits,"10250 Martin Luther King Jr Hwy Suite 200, Bowie, MD 20720, United States",20706,Lanham,5,24,OPERATIONAL,38.9570579,-76.8263412
ChIJkYaMP5TAt4kR0H-a_BTkbnA,Galaxy Liquor Crab House,"7241 Landover Rd, Hyattsville, MD 20785, United States",20706,Lanham,4.3,120,OPERATIONAL,38.926998,-76.8909819
ChIJweSgcpTAt4kRJZKkCdU1kiY,Kent Village Liquors,"7309 Landover Rd, Landover, MD 20785, United States",20706,Lanham,4.2,126,OPERATIONAL,38.9265352,-76.88953269999999
ChIJeZsA9N3At4kRuYNr-3PboyE,David's Liquors,"7025 Annapolis Rd, Landover Hills, MD 20784, United States",20706,Lanham,4.4,108,OPERATIONAL,38.9454885,-76.8953705
ChIJ6fjWzmjAt4kRM8i4kzwP2DM,Brightseat Liquor,"2600 Brightseat Rd, Landover, MD 20785, United States",20706,Lanham,4.2,197,OPERATIONAL,38.922869,-76.859189
ChIJ3Y5nipzAt4kROadc_xJENmk,Liquor King,"7053 Martin Luther King Jr Hwy, Greater Landover, MD 20785, United States",20706,Lanham,4.6,272,OPERATIONAL,38.9146844,-76.8830619
ChIJRQ0aAY3At4kR-pW4QP-P69E,Primos Liquors,"7740 Landover Rd, Landover, MD 20785, United States",20706,Lanham,4.4,70,OPERATIONAL,38.92838649999999,-76.8807197
ChIJaZt-XVbAt4kRCUu0w2QdiJc,Ardwick Liquors,"8307 Ardwick Ardmore Rd, Landover, MD 20785, United States",20706,Lanham,4.3,154,OPERATIONAL,38.9421814,-76.86992889999999
ChIJY6BGbTfqt4kRY2pr2_dqM7g,Fairwood Wine & Spirits,"12420 Fairwood Pkwy C, Bowie, MD 20720, United States",20706,Lanham,4.3,128,OPERATIONAL,38.9647846,-76.7886824
ChIJQw4wrePAt4kReLg4GYs38qk,Bill's Wine & Liquor,"7431 Annapolis Rd, Hyattsville, MD 20784, United States",20706,Lanham,4.4,66,OPERATIONAL,38.9484511,-76.8870005
ChIJf7fuGoXAt4kRyOhp0ZYSu-E,Palmer Liquor Store,"7222 Martin Luther King Jr Hwy, Landover, MD 20785, United States",20706,Lanham,4.2,552,OPERATIONAL,38.9175977,-76.8817253
ChIJq6qqqv3At4kRPPhRe9O3doc,Crestview Wine & Spirits,"6707 Annapolis Rd, Landover Hills, MD 20784, United States",20706,Lanham,4.4,37,OPERATIONAL,38.9423058,-76.9017483
ChIJbzwzwjzBt4kR481YykJgDQw,East Pine Liquor,"6801 Riverdale Rd, Riverdale, MD 20737, United States",20706,Lanham,4.3,351,OPERATIONAL,38.9637831,-76.8990352
ChIJLYJGxYTAt4kRHiYsI-wGeRQ,Cox's Liquor,"7200 Martin Luther King Jr Hwy, Landover, MD 20785, United States",20706,Lanham,4.2,172,OPERATIONAL,38.9169762,-76.8828055
ChIJl91G38PBt4kRPd90wHMjYVU,OPEN 24/7 GLENARDEN DISCOUNT & CONVENIENCE,"8100 Martin Luther King Jr Hwy, Glenarden, MD 20706, United States",20706,Lanham,3.9,20,OPERATIONAL,38.9330796,-76.8666684
ChIJI78LrdTGt4kRE3fGfKQkEgw,Riverdale Plaza Liquor,"5729 Riverdale Rd, Riverdale, MD 20737, United States",20706,Lanham,4.4,100,OPERATIONAL,38.9575197,-76.91763689999999
ChIJI8ukq7jAt4kRgUs8ZgrM8OY,Landover Liquors,"6504 Landover Rd, Cheverly, MD 20785, United States",20706,Lanham,4.2,46,OPERATIONAL,38.9325785,-76.90091369999999
ChIJjV92OrG_t4kRfF8IgfwXz7U,Drinx Market,"1409 Ritchie Marlboro Rd, Capitol Heights, MD 20743, United States",20706,Lanham,4.7,734,OPERATIONAL,38.8692073,-76.854731
ChIJB76A9NXGt4kRxoaAaki4fe8,Kenilworth Liquors,"5401 Kenilworth Ave suite a, Riverdale, MD 20737, United States",20706,Lanham,4.3,263,OPERATIONAL,38.9553185,-76.9223969
ChIJwaE_UM3qt4kRIO0SULUJpr4,Watkins Park Liquor,"Mitchellville Plaza, 12140 Central Ave, Mitchellville, MD 20721, United States",20706,Lanham,4.1,83,OPERATIONAL,38.9008575,-76.7957485
ChIJmcM6MlSVt4kRo49-IK-1gqI,Kettering Liquors,"10682 Campus Way S, Largo, MD 20774, United States",20706,Lanham,4.5,143,OPERATIONAL,38.89801840000001,-76.8243153
ChIJWeT6ebzBt4kRCWJELri3IjI,Birdie's,"9105 Annapolis Rd, Lanham, MD 20706, United States",20706,Lanham,3,3,OPERATIONAL,38.9631829,-76.85710259999999
ChIJMbbURpLAt4kRqd5arPxaSRI,BURKE LIQUORS,"7541 Landover Rd, Hyattsville, MD 20785, United States",20706,Lanham,4,16,CLOSED_TEMPORARILY,38.9262629,-76.8853348
ChIJuU_fZ5O_t4kRwwHSkSAIkqk,Hampton Liquor Store,"9009 Central Ave Suite 102, Capitol Heights, MD 20743, United States",20706,Lanham,3.8,81,OPERATIONAL,38.889954,-76.8505015
ChIJWwuhCUm_t4kRnydTjlLDtkY,Pleasant Liquors,"5704 Martin Luther King Jr Hwy, Seat Pleasant, MD 20743, United States",20706,Lanham,4.3,28,OPERATIONAL,38.8948132,-76.9105423
ChIJFaiB7Eu_t4kRFfp_4oSReBA,Paul's Liquors,"513 Eastern Ave NE, Fairmount Heights, MD 20743, United States",20706,Lanham,3.9,83,OPERATIONAL,38.8965925,-76.9138911
ChIJm0Lmr0W_t4kRpoKbbsBLAzs,Capital Liquors,"5950 Martin Luther King Jr Hwy, Capitol Heights, MD 20743, United States",20706,Lanham,4.5,37,OPERATIONAL,38.8987757,-76.9045737
ChIJ5_s1p7DBt4kRw-ElZlPVaOs,41wines,"3341 75th Ave, Hyattsville, MD 20785, United States",20706,Lanham,5,1,OPERATIONAL,38.9333232,-76.8813887
ChIJyQt4kBjHt4kRIZP14inkO7I,Prince George County Liquor Bd,"9200 Basil Ct #420, Largo, MD 20774, United States",20706,Lanham,3.6,5,OPERATIONAL,38.9155174,-76.8467539
ChIJuUlqsUO_t4kRWxNQJQQivAs,Sugar Shack,"6301 Seat Pleasant Dr, Capitol Heights, MD 20743, United States",20706,Lanham,3.9,131,OPERATIONAL,38.8976041,-76.8984344
ChIJsaD7TnLdt4kRuyBwpu6h3fM,Camelot Liquors,"300 Washington Blvd, Laurel, MD 20707, United States",20707,Laurel,4.4,230,OPERATIONAL,39.1020639,-76.8452152
ChIJy5ZTTHPdt4kRGrZJ1xoNsKQ,Laurel Plaza Liquors,"9626 Fort Meade Rd, Laurel, MD 20707, United States",20707,Laurel,4.2,48,OPERATIONAL,39.0965932,-76.8394264
ChIJKzCew5Ldt4kR_qesERvqQfk,Town Center Liquors,"13334 Laurel - Bowie Rd, Laurel, MD 20708, United States",20707,Laurel,4,4,OPERATIONAL,39.0747613,-76.8497788
ChIJ43etW_3ct4kRmNp8jtyvNwQ,24/7 Convenience Store,"7707 Sandy Spring Rd, Laurel, MD 20707, United States",20707,Laurel,3.6,22,OPERATIONAL,39.1036006,-76.8720159
ChIJT-mCp2zdt4kRWe1RqlA8mMA,Beer & wine Laurel Food Mart,"9107 Marshall Ave, Laurel, MD 20707, United States",20707,Laurel,4,4,OPERATIONAL,39.0952496,-76.84813129999999
ChIJMxrjCGfpt4kR7JqKhdZTqew,Bowie Liquors,"6910 Laurel - Bowie Rd, Bowie, MD 20715, United States",20708,Laurel,4.2,49,OPERATIONAL,38.984866,-76.7586979
ChIJF8gxSDbpt4kRAFqzn0d7PBE,Crescent Wine & Spirits,"15501 Annapolis Rd #300, Bowie, MD 20715, United States",20708,Laurel,4.6,403,OPERATIONAL,38.9780239,-76.7341507
ChIJc8HxN-XGt4kRUs8uJ2Wsdkg,Town Center Wine And Spirit Liquor Store,"6401 America Blvd #110, Hyattsville, MD 20782, United States",20708,Laurel,4.2,260,OPERATIONAL,38.9673272,-76.9520139
ChIJd3cwlqzut4kRnsRmZzvqqz0,Free State Liquors,"15480 Annapolis Rd, Bowie, MD 20715, United States",20708,Laurel,4.4,20,OPERATIONAL,38.9801995,-76.7341813
ChIJU8xzGDzdt4kRPfoxQbgneOc,Eastern Liquor Distributors Inc /HITEJINRO MD,"14205 Cherry Lane Ct, Laurel, MD 20707, United States",20708,Laurel,5,1,OPERATIONAL,39.0871149,-76.85543009999999
ChIJgaIAeWfpt4kR1yBmdM-TN4U,Siva Inc,"6910 Laurel - Bowie Rd, Bowie, MD 20715, United States",20708,Laurel,3.8,4,OPERATIONAL,38.9848392,-76.7585726
ChIJgU2uojvHt4kRRye1B0HQhxA,201 Drive Thru Liquor,"4221 Kenilworth Ave, Bladensburg, MD 20710, United States",20710,Bladensburg,3.9,42,OPERATIONAL,38.9433779,-76.93304010000001
ChIJUaBipm3Ht4kRkzHF7UnHLa4,AJ Liquors,"3801 Bladensburg Rd, Colmar Manor, MD 20722, United States",20710,Bladensburg,4.2,107,OPERATIONAL,38.9346039,-76.9501731
ChIJobr3PDnHt4kRVH6k_ug6TdQ,Tina's Liquor & Deli,"4901 Annapolis Rd, Bladensburg, MD 20710, United States",20710,Bladensburg,4.3,29,OPERATIONAL,38.9390992,-76.9342664
ChIJcwMRATXHt4kRxJ4L9mh9Ksw,Champagne Liquor,"5611 Landover Rd #2, Cheverly, MD 20784, United States",20710,Bladensburg,4.3,197,OPERATIONAL,38.9367215,-76.9214392
ChIJKXKXrHXHt4kRVcCukiA2zwM,Party Time Liquors,"3307 Rhode Island Ave, Mt Rainier, MD 20712, United States",20710,Bladensburg,4.4,300,OPERATIONAL,38.9358465,-76.96159999999999
ChIJv4v8Hy_Ht4kRFMMSW9oS9lo,San Antonio Liquor Store,"5000 Edmonston Rd, Hyattsville, MD 20781, United States",20710,Bladensburg,4.7,23,OPERATIONAL,38.9491479,-76.9266442
ChIJ8wb9UWvHt4kRhVhe3vEjOwo,Super Mart,"4201 Bladensburg Rd, Colmar Manor, MD 20722, United States",20710,Bladensburg,3.4,9,OPERATIONAL,38.9367582,-76.9457054
ChIJpZI87XTHt4kR4LAuVEgXYnc,Chuck's Liquors,"3416 Rhode Island Ave, Mt Rainier, MD 20712, United States",20710,Bladensburg,4.2,33,OPERATIONAL,38.9370118,-76.9601318
ChIJ0wjYDzTHt4kRhnT3do2YnEY,DMV Convenience Store,"4301 Bladensburg Rd, Brentwood, MD 20722, United States",20710,Bladensburg,4.6,19,OPERATIONAL,38.9372245,-76.9448914
ChIJGzxmFDTHt4kR6whWTWMpg1w,P G Liquors,"5457 Annapolis Rd, Bladensburg, MD 20710, United States",20710,Bladensburg,4.5,2,CLOSED_PERMANENTLY,38.9386892,-76.92274189999999
ChIJR6nAkHvHt4kRwpEOEdxiIIo,Gee's Liquor,"3415 52nd Ave, Hyattsville, MD 20781, United States",20710,Bladensburg,4.1,19,CLOSED_TEMPORARILY,38.9324947,-76.93073919999999
ChIJD-NnkqjHt4kRnxXMiar-00I,Queens Chapel Liquors,"3108 Queens Chapel Rd, Chillum, MD 20782, United States",20712,Mount Rainier,4.2,200,OPERATIONAL,38.9506683,-76.96798729999999
ChIJpQ2oNV7Ht4kRCthp1HffY0k,Hyattsville Spirits and Grill,"5350 Queens Chapel Rd, Hyattsville, MD 20782, United States",20712,Mount Rainier,4.5,57,OPERATIONAL,38.9555708,-76.96351600000001
ChIJb4-mE6rHt4kRsj1UwP_sd2E,Maryland News Center,"2912 Hamilton St, Hyattsville, MD 20782, United States",20712,Mount Rainier,4.4,36,OPERATIONAL,38.9562021,-76.9651049
ChIJhftEKIDHt4kRLBUhGP2CxN8,Era Wine Bar,"3300 Rhode Island Ave, Mt Rainier, MD 20712, United States",20712,Mount Rainier,4.8,143,OPERATIONAL,38.9362123,-76.96186999999999
ChIJMZj07a3ut4kRuyItlnAt19c,Hilltop Wine and Spirits,"6856 Race Track Rd, Bowie, MD 20715, United States",20715,Bowie,4.5,147,OPERATIONAL,38.9833817,-76.7299914
ChIJCxk7aB3tt4kRajiRSJK0itQ,Collington Wine And Spirits Bowie MD,"3400 Crain Hwy, Bowie, MD 20716, United States",20715,Bowie,4.9,157,OPERATIONAL,38.9375421,-76.71869029999999
ChIJO06xR2_st4kRosANTyDTvXY,Rip's Wine & Spirits & Deli,"3809 Crain Hwy, Bowie, MD 20716, United States",20715,Bowie,4.3,116,OPERATIONAL,38.9428248,-76.71717840000001
ChIJ95L599rrt4kRi0bTQknxXH0,T & T Liquors Inc,"13801 Old Annapolis Rd, Bowie, MD 20720, United States",20715,Bowie,4.2,221,OPERATIONAL,38.97073710000001,-76.76573189999999
ChIJz3db-7zst4kRqy8AP8tJQxE,Pointer Ridge Liquor,"1326 Crain Hwy, Bowie, MD 20716, United States",20715,Bowie,3.7,58,OPERATIONAL,38.9084159,-76.71987659999999
ChIJgz04TNHrt4kR-Aux4C-QoiA,Highbridge Village Market,"6021 Highbridge Rd, Bowie, MD 20720, United States",20715,Bowie,3.3,7,OPERATIONAL,38.9727862,-76.77082639999999
ChIJ81upSG_st4kRdix0iW6HFwk,Rips Country Inn,"3809 Crain Hwy, Bowie, MD 20716, United States",20715,Bowie,4.3,3093,OPERATIONAL,38.9426102,-76.7172314
ChIJ-59i-3fst4kRiNIw_ST15A0,J Mart,"15633 Emerald Way, Bowie, MD 20716, United States",20715,Bowie,3.4,24,CLOSED_TEMPORARILY,38.9441873,-76.73329129999999
ChIJ2VE8Vh-Tt4kRCzefXzP3iLk,Arthur Wheeler Spirits Company,"1001 Prince Georges Blvd STE 200, Upper Marlboro, MD 20774, United States",20716,Bowie,4.8,55,OPERATIONAL,38.8773134,-76.72534519999999
ChIJeRTzR-2-t4kRqS7r9qaobCE,Penn-Mar Liquor,"3022 Donnell Dr, Forestville, MD 20747, United States",20717,Bowie,4.2,133,OPERATIONAL,38.8487221,-76.88281239999999
ChIJx4Kf9fm_t4kROmY7F8FBnl4,Largo Liquors,"836 Largo Center Dr, Largo, MD 20774, United States",20721,Bowie,3.3,248,OPERATIONAL,38.9005334,-76.83653679999999
ChIJVbZCvFW_t4kRetCYqkATOQs,Penn Station Liquors,"5634 Silver Hill Rd, District Heights, MD 20747, United States",20721,Bowie,4.1,174,OPERATIONAL,38.8557796,-76.9096898
ChIJgWFIMiW5t4kRf2BDc0tPNBs,24/7 Big Convenience Store,"805 Larchmont Ave, Capitol Heights, MD 20743, United States",20721,Bowie,1.9,9,OPERATIONAL,38.8778349,-76.9212002
ChIJhQCTzA7Ht4kR5wplPE752II,Brentwood Market,"4413 37th St, Brentwood, MD 20722, United States",20722,Brentwood,3.9,11,OPERATIONAL,38.9454403,-76.9584199
ChIJnVUszBTHt4kRMGxZtsoYT80,George's Liquors,"4301 Bladensburg Rd, Brentwood, MD 20722, United States",20722,Brentwood,,,CLOSED_PERMANENTLY,38.937235,-76.9449376
ChIJ18ro6DC_t4kRdW8g9Vel2HY,Central Avenue Liquors,"6115 Central Ave Old, Capitol Heights, MD 20743, United States",20731,Capitol Heights,4.2,247,OPERATIONAL,38.8851457,-76.90868689999999
ChIJL_O7Niu5t4kRP0eVrbIV6Es,Marlboro Pike Liquors,"5205 Marlboro Pike, Capitol Heights, MD 20743, United States",20731,Capitol Heights,4.3,186,OPERATIONAL,38.8689271,-76.9185877
ChIJORFkcn-5t4kRNVih3WZv178,Bells Drive-In Liquor,"5901 Central Ave, Capitol Heights, MD 20743, United States",20731,Capitol Heights,4.4,65,OPERATIONAL,38.8854504,-76.9183223
ChIJ3zENjye5t4kRePLwHhXjzKc,Super Liquors,"4745 Marlboro Pike, Capitol Heights, MD 20743, United States",20731,Capitol Heights,4.1,127,OPERATIONAL,38.8734708,-76.9317746
ChIJw5RbOyK5t4kRFSJmszYUfVk,Southern Avenue Liquors,"4259 Southern Ave SE, Capitol Heights, MD 20743, United States",20731,Capitol Heights,4,96,OPERATIONAL,38.8690193,-76.9394415
ChIJcdRQbdO-t4kRRyt0rmcoTRY,Oak Crest Liquors,"5256 Marlboro Pike, Capitol Heights, MD 20743, United States",20731,Capitol Heights,4,61,OPERATIONAL,38.8657212,-76.9161708
ChIJp9MQIii5t4kRb91kPOHE2_Y,JC Liquors,"4856 Marlboro Pike, Capitol Heights, MD 20743, United States",20731,Capitol Heights,4.2,53,OPERATIONAL,38.8731445,-76.92827679999999
ChIJly2rPCq5t4kRbL5nN9usIu0,CD LIQUORS,"4945 Marlboro Pike, Capitol Heights, MD 20743, United States",20731,Capitol Heights,4.1,64,OPERATIONAL,38.871188,-76.9238381
ChIJS_t-98O-t4kRX1KYkgo_RKs,District Heights Liquors,"6136 Marlboro Pike, District Heights, MD 20747, United States",20731,Capitol Heights,4.3,116,OPERATIONAL,38.8554864,-76.9006775
ChIJDWhUUMC-t4kRfWza0SeeOA0,Plaza Liquor,"6439 Marlboro Pike, District Heights, MD 20747, United States",20731,Capitol Heights,4.4,56,OPERATIONAL,38.8515804,-76.8974779
ChIJM1ghSD6_t4kRQeoN60d1rMM,Blue Sky Liquors,"6430 Central Ave, Seat Pleasant, MD 20743, United States",20731,Capitol Heights,4.4,40,OPERATIONAL,38.8874236,-76.8966126
ChIJXflA5Ka4t4kRTdQFiD-4DmE,Frank's Tavern Liquor,"1703 Kenilworth Ave, Capitol Heights, MD 20743, United States",20731,Capitol Heights,4,242,OPERATIONAL,38.9122519,-76.9335864
ChIJ4___t3G5t4kR6aGLrDoBY88,Stricks Liquor,"3211 Branch Ave, Hillcrest Heights, MD 20748, United States",20731,Capitol Heights,2.8,13,OPERATIONAL,38.848998,-76.9541769
ChIJ7xecMyu5t4kRKMgpey_S8A4,Min's Palace,"5205 Marlboro Pike, Capitol Heights, MD 20743, United States",20731,Capitol Heights,4,4,CLOSED_TEMPORARILY,38.8689243,-76.9186575
ChIJ_wgGY3K6t4kRrPDhPtxFWtU,Mike's Liquors,"5301 Indian Head Hwy, Oxon Hill, MD 20745, United States",20731,Capitol Heights,4.5,285,OPERATIONAL,38.817188,-76.9996632
ChIJ9U8SCAO9t4kRGyLbtJ7D_rg,Tucker's Liquors LLC,"8100 Old Alexandria Ferry Rd, Clinton, MD 20735, United States",20735,Clinton,4.2,198,OPERATIONAL,38.7763169,-76.8670783
ChIJ03iLVIq8t4kRwvikdohKxFA,Clinton liqour and meat,"7601 Old Branch Ave, Clinton, MD 20735, United States",20735,Clinton,4.1,161,OPERATIONAL,38.7854157,-76.8984973
ChIJOXQ4Guq8t4kRSbz2z10Lihc,Chesapeake Liquors,"8853 Branch Ave, Clinton, MD 20735, United States",20735,Clinton,3.5,24,OPERATIONAL,38.7672631,-76.88998289999999
ChIJz4INh1a7t4kR8fTkCkHzxg4,Piscataway Liquors,"9814 Piscataway Rd, Clinton, MD 20735, United States",20735,Clinton,4,81,OPERATIONAL,38.7547222,-76.9202778
ChIJs7f_s7-8t4kRz1iTz6tSdME,B K Miller Meats & Liquor,"9024 Old Branch Ave, Clinton, MD 20735, United States",20735,Clinton,4.6,788,OPERATIONAL,38.7655556,-76.8977778
ChIJ6RuYTYK7t4kRgxs68durlBs,S & W Liquors,"7072 Allentown Rd, Temple Hills, MD 20748, United States",20735,Clinton,4.6,173,OPERATIONAL,38.7926341,-76.9261788
ChIJe_32wXG8t4kRKMv_c1J3AGs,Allentown Liquors,"6321 Allentown Rd, Temple Hills, MD 20748, United States",20735,Clinton,4.1,227,OPERATIONAL,38.8032154,-76.9081423
ChIJLxtDSyS8t4kRQILt_Zhe9_A,Base Liquors,"4805 Allentown Rd, Camp Springs, MD 20746, United States",20735,Clinton,3.8,49,OPERATIONAL,38.819551,-76.8905114
ChIJxZz0rMm9t4kREx7k8GKJYk0,Apollo Wine and Spirits,"4585 Telfair Blvd Suite 300 Unit 101, Camp Springs, MD 20746, United States",20735,Clinton,4.2,5,OPERATIONAL,38.8271772,-76.90859429999999
ChIJ60420MK7t4kRuEtGabisf64,Oxon Hill Liquors,"6369 Livingston Rd, Oxon Hill, MD 20745, United States",20735,Clinton,4.2,171,OPERATIONAL,38.8015881,-76.98821389999999
ChIJ_x4agXS7t4kRJSTlRGuCHT0,Maxey Spirits,"7513 Allentown Rd, Fort Washington, MD 20744, United States",20735,Clinton,4,65,OPERATIONAL,38.7871624,-76.9390524
ChIJVdl6gZK6t4kR-GubsaZ7Sn0,Livingston Woods Liquors,"7408 Livingston Rd Suite # A, Oxon Hill, MD 20745, United States",20735,Clinton,4.5,78,OPERATIONAL,38.7876939,-76.98968440000002
ChIJ1XgHudy7t4kRG9SwGODzFcs,Barnabas Liquors,"4620 St Barnabas Rd, Temple Hills, MD 20748, United States",20735,Clinton,4.3,117,OPERATIONAL,38.8251502,-76.9457104
ChIJyfNjiFu6t4kRoTfILUefzbk,Thirsty's Wine & Spirits,"6191 Oxon Hill Rd, Oxon Hill, MD 20745, United States",20735,Clinton,4.3,482,OPERATIONAL,38.8056914,-76.9847212
ChIJTSzCH0-Wt4kR-ku6U-whG-c,Olde Fitzgerald's Liquors,"7701 Crain Hwy, Upper Marlboro, MD 20772, United States",20735,Clinton,4.4,63,OPERATIONAL,38.7839456,-76.7956978
ChIJmcB-9t-7t4kRWYeIPYlBspw,Marlow Liquors,"4141 Branch Ave, Marlow Heights, MD 20748, United States",20735,Clinton,4,289,OPERATIONAL,38.8321468,-76.94385129999999
ChIJuZ6maVC6t4kRw2pjyOBUsJA,Esquire Liquors,"6108 Oxon Hill Rd, Oxon Hill, MD 20745, United States",20735,Clinton,4.3,180,OPERATIONAL,38.8052062,-76.9745195
ChIJ1c51i6-7t4kRDjVc2hDALmw,Kim Liquor,"3223 Brinkley Rd, Temple Hills, MD 20748, United States",20735,Clinton,4,105,OPERATIONAL,38.8036099,-76.95333629999999
ChIJb4gUjL-8t4kR0zF1vQy8uYs,SAMS Shop & Repairing,"9020 Woodyard Rd, Clinton, MD 20735, United States",20735,Clinton,3.9,42,OPERATIONAL,38.7655723,-76.8957665
ChIJdT2vsHK6t4kReHGSLuR_BIE,Meads Liquors,"5102 Indian Head Hwy, Oxon Hill, MD 20745, United States",20735,Clinton,4.3,447,OPERATIONAL,38.8193518,-76.9995763
ChIJ3aPl7au6t4kR-vfB3WXnSPI,Pine Liquors,"9231 Oxon Hill Rd, Fort Washington, MD 20744, United States",20735,Clinton,4.2,150,OPERATIONAL,38.7629471,-77.0063777
ChIJqbhXvU-Wt4kRqbB5pMjdBwY,Osborne Wine & Spirits,"7603 Crain Hwy, Upper Marlboro, MD 20772, United States",20735,Clinton,4.2,104,OPERATIONAL,38.7848741,-76.79464589999999
ChIJlXSTcta7t4kR88b3vjwWntU,Modern Liquor Store,"2358 Iverson St, Hillcrest Heights, MD 20748, United States",20735,Clinton,4,124,OPERATIONAL,38.8347697,-76.9583652
ChIJ-xNM1Wa6t4kRkNP9b3f8GuU,Seitz Liquors,"6223 Livingston Rd, Oxon Hill, MD 20745, United States",20735,Clinton,4.1,126,OPERATIONAL,38.8034323,-76.9901696
ChIJiTFijLC6t4kR7JpJBLlcz3A,Sunnybrook Tavern,"9001 Livingston Rd, Fort Washington, MD 20744, United States",20735,Clinton,4.3,882,OPERATIONAL,38.7662653,-76.9952982
ChIJ25Q0PyG8t4kROAfsw84AdS0,G.I. Liquors,"6712 Suitland Rd, Morningside, MD 20746, United States",20735,Clinton,4.3,47,OPERATIONAL,38.8243808,-76.89049059999999
ChIJ___j4Le8t4kRlPnzKGJCbTY,CLINTON MART,"9707 Brandywine Rd, Clinton, MD 20735, United States",20735,Clinton,4.3,40,OPERATIONAL,38.75555629999999,-76.89540269999999
ChIJi_K_xF26t4kRUbHekc9Z-K4,Al's Beer & Wine,"6224 Oxon Hill Rd, Oxon Hill, MD 20745, United States",20735,Clinton,4.1,33,OPERATIONAL,38.803346,-76.98541689999999
ChIJdb05xaykt4kRlVDkUSigt-I,Miller Farms,"10140 Piscataway Rd, Clinton, MD 20735, United States",20735,Clinton,4.6,2312,OPERATIONAL,38.7500359,-76.9281879
ChIJA5F5JY69t4kRG5R-fwjx8_U,Woodyard Market,"6907 Dower House Rd, Upper Marlboro, MD 20772, United States",20735,Clinton,4,109,OPERATIONAL,38.794376,-76.8366789
ChIJPbQaMRWlt4kRetRRMyWat7g,Silesia Convenience,"10909 Livingston Rd Suite A, Fort Washington, MD 20744, United States",20735,Clinton,4,4,OPERATIONAL,38.7425557,-76.9992733
ChIJmZsLCOO7t4kRZLp9x-pby38,Market Wine and Beer,"5515 Livingston Rd, Oxon Hill, MD 20745, United States",20735,Clinton,5,2,OPERATIONAL,38.8147905,-76.9966274
ChIJBSTnUm68t4kRFiDlnONQ0qM,Hangar Club liquor,"6410 Old Branch Ave, Camp Springs, MD 20748, United States",20735,Clinton,3.8,452,OPERATIONAL,38.8014814,-76.90417099999999
ChIJSz-_8bC6t4kRrwbtgNOyEac,Mac's SunnyBrook Bar,"9001 Livingston Rd, Fort Washington, MD 20744, United States",20735,Clinton,4.3,129,OPERATIONAL,38.7663125,-76.9952713
ChIJq6pqmVy6t4kRfVSQnMhfGNs,Monae Wines,"6139 Oxon Hill Rd, Oxon Hill, MD 20745, United States",20735,Clinton,,,OPERATIONAL,38.80614790000001,-76.98203769999999
ChIJC0LN5NvGt4kR8IhP7MTPCGw,Town Center Market,"4705 Queensbury Rd, Riverdale, MD 20737, United States",20737,Riverdale,4.6,192,OPERATIONAL,38.9624429,-76.9346115
ChIJU-G86tXGt4kRZdXclJAnFNA,Chop Tank,"5430 Kenilworth Ave, Riverdale, MD 20737, United States",20737,Riverdale,4.2,6,OPERATIONAL,38.9562818,-76.9228267
ChIJAWBQqyXBt4kRV5t5LfFd-fw,24/7 HR Super Convenience Store,"6010 66th Ave, Riverdale, MD 20737, United States",20737,Riverdale,2.2,10,OPERATIONAL,38.9604484,-76.9040534
ChIJqSyI80-5t4kRTV8Gwq19dGU,Silver Hill Liquors,"4519 Silver Hill Rd, Hillcrest Heights, MD 20746, United States",20737,Riverdale,4.3,74,OPERATIONAL,38.8439071,-76.9288689
ChIJiaAJmb7Gt4kRjp0XqmyBWXE,One Stop Shop,"4509 College Ave, College Park, MD 20740, United States",20737,Riverdale,4.1,27,OPERATIONAL,38.9818122,-76.9371477
ChIJJcnsqiTBt4kRRBozZRPZ6nQ,Othi Operating Corporation,"6801 Riverdale Rd, Riverdale, MD 20737, United States",20737,Riverdale,4.1,10,CLOSED_TEMPORARILY,38.9637554,-76.8990738
ChIJWyJPnU_Gt4kRKkP9jp5hFFQ,Crown Liquor,"6579 East-West Hwy, Chillum, MD 20782, United States",20740,College Park,3.9,49,OPERATIONAL,38.9717777,-76.97832509999999
ChIJKVdxMxPGt4kRFZthGEsWfEY,University Liquor,"7925 New Hampshire Ave, Adelphi, MD 20783, United States",20740,College Park,4.1,145,OPERATIONAL,38.9892585,-76.9860566
ChIJ0_N7ZQPFt4kREnSwtnGeFt0,El Toro Beer Wine and Liquor,"9107 Adelphi Rd, Adelphi, MD 20783, United States",20740,College Park,4.1,45,OPERATIONAL,39.0043575,-76.9702684
ChIJpWeIcGjGt4kRzNqr_A3i9Bs,Lims Liquors,"2117 University Blvd E, Hyattsville, MD 20783, United States",20740,College Park,4,51,OPERATIONAL,38.9835178,-76.9761608
ChIJ4UxWqRTGt4kR47OnoNZ03jg,T J Beer & Wine Liquors,"7669 New Hampshire Ave, Takoma Park, MD 20912, United States",20740,College Park,3.9,48,OPERATIONAL,38.9877999,-76.9874032
ChIJz1JwYfHHt4kRAgPfP3APwlk,Fiesta Beer and Wine,"1337 University Blvd E, Takoma Park, MD 20912, United States",20740,College Park,4.4,97,OPERATIONAL,38.9870268,-76.98575389999999
ChIJ1Qe6O6TGt4kRPPN2nDqu-zI,College Park Liquors,"8147 Baltimore Ave #2492, College Park, MD 20740, United States",20740,College Park,4,149,CLOSED_PERMANENTLY,38.9914242,-76.9327634
ChIJP-8gIaTGt4kRmgKNxT9f3to,#1 Liquor,"8200 Baltimore Ave, College Park, MD 20740, United States",20740,College Park,3.2,5,CLOSED_PERMANENTLY,38.9920869,-76.9338624
ChIJK2aAPqTGt4kRY-ZaFIE4I78,Looney's Pub,"8150 Baltimore Ave, College Park, MD 20740, United States",20740,College Park,4.1,1749,OPERATIONAL,38.9908676,-76.93432849999999
ChIJraogF6TGt4kR-0Gbh8AOc4g,The Board and Brew,"8150 Baltimore Ave, College Park, MD 20740, United States",20740,College Park,4.5,1517,OPERATIONAL,38.991637,-76.93383899999999
ChIJxWmyHwAgyIkRffmwxUhEYTY,Global Wines-Maryland,"5015 Herzel Pl, Beltsville, MD 20705, United States",20740,College Park,,,OPERATIONAL,39.0357031,-76.9032373
ChIJI_PgZxzHt4kRz7aseLxlDEQ,Altera Convenience Store,"3400 Toledo Terrace, West Hyattsville, MD 20782, United States",20742,College Park,3.5,8,OPERATIONAL,38.9704127,-76.961056
ChIJ50_XOKTGt4kR7uPxMsRLhec,Town Hall Liquor And Bar,"8135 Baltimore Ave, College Park, MD 20740, United States",20742,College Park,4.3,392,CLOSED_PERMANENTLY,38.9909005,-76.933467
ChIJnyXcVsi-t4kRjC5_2MEjQ78,Charlie's Liquor Store,"5711 Silver Hill Rd, District Heights, MD 20747, United States",20743,Capitol Heights,4.1,250,OPERATIONAL,38.8534198,-76.9083778
ChIJdyjtA8a-t4kRbCuHS2y0siU,J B Liquors,"5842 Silver Hill Rd, District Heights, MD 20747, United States",20743,Capitol Heights,3.8,30,OPERATIONAL,38.8567332,-76.9065875
ChIJp10k44q-t4kRH-NantUWje8,Warehouse Liquors,"7609 Marlboro Pike, Forestville, MD 20747, United States",20743,Capitol Heights,4,152,OPERATIONAL,38.845254,-76.8754522
ChIJ-_4NLJS-t4kRBGK-DrM_oy0,Avenue Liquor,"3318 Walters Ln, District Heights, MD 20747, United States",20743,Capitol Heights,3.9,103,OPERATIONAL,38.843511,-76.89137219999999
ChIJYXvn8oq-t4kRtw9p5buqUaA,FREDDIES LIQUOR,"7700 Marlboro Pike, District Heights, MD 20747, United States",20743,Capitol Heights,4.2,44,OPERATIONAL,38.8446581,-76.87355749999999
ChIJP_GssGW5t4kRCLoBIQME49Q,Meyers Liquor,"3601 Old Silver Hill Rd, Hillcrest Heights, MD 20746, United States",20743,Capitol Heights,4.3,491,OPERATIONAL,38.8431637,-76.94882969999999
ChIJiddYaEe5t4kRZi578Wz6lJw,Cedar Hill Inn,"4400 Suitland Rd, Hillcrest Heights, MD 20746, United States",20743,Capitol Heights,3.8,157,OPERATIONAL,38.8528301,-76.93369489999999
ChIJR9_HAom-t4kRdnTuura3JiA,Big Z Liquors,"3611 Forestville Rd, Forestville, MD 20747, United States",20743,Capitol Heights,4.1,115,OPERATIONAL,38.8393322,-76.87574
ChIJEwTz1XG5t4kRsePufzNZXAw,Branch Ave Liquors,"3302B Ave, 3302A Branch Ave, Temple Hills, MD 20748, United States",20743,Capitol Heights,4.2,193,OPERATIONAL,38.8483928,-76.95293339999999
ChIJgwiVS7-_t4kRu2KHGijEGo4,24 HR DISCOUNT MARKET,"5249 Marlboro Pike, Capitol Heights, MD 20743, United States",20743,Capitol Heights,3.5,6,OPERATIONAL,38.8660934,-76.9171388
ChIJuY_NQye5t4kRccwMDaJ_Png,Abg Mart,"4409 Southern Ave SE, Capitol Heights, MD 20743, United States",20743,Capitol Heights,5,4,OPERATIONAL,38.8732966,-76.93425239999999
ChIJmdjhaSC5t4kR03ByRBCl994,51 Liquor,"3207 Naylor Rd, Temple Hills, MD 20748, United States",20743,Capitol Heights,3.9,275,OPERATIONAL,38.851921,-76.9606725
ChIJZePUrqa-t4kR7ZkXK_AZfk0,My Morningside Beer & Wine,"6101 Suitland Rd, Morningside, MD 20746, United States",20743,Capitol Heights,3.4,91,OPERATIONAL,38.8342243,-76.9014313
ChIJ7bzSKhi6t4kRo7vODwsbc-4,Earl's Super Liquor Store,"833 Southern Ave SE, Oxon Hill, MD 20745, United States",20744,Fort Washington,4,196,OPERATIONAL,38.8293301,-76.989914
ChIJ7V-9eiK6t4kROuov0y5n6pA,Tops liquor,"4422 Wheeler Rd, Oxon Hill, MD 20745, United States",20744,Fort Washington,4,62,OPERATIONAL,38.8321757,-76.9864654
ChIJyRUTiCK6t4kROLoFxf896Mg,Schreiber's Country Store,"4421 Wheeler Rd, Oxon Hill, MD 20745, United States",20744,Fort Washington,3.7,10,OPERATIONAL,38.8317749,-76.98662589999999
ChIJHSqCg6ixt4kRLD-BwVVoPY8,V-NO @ The Harbor,"137 Waterfront St, Oxon Hill, MD 20745, United States",20744,Fort Washington,3.9,70,OPERATIONAL,38.7852843,-77.0160744
ChIJ6c6Dr125t4kR1oRYZqGRIlY,People's Convenience Beer & Wine,"4025 Silver Hill Rd, Hillcrest Heights, MD 20746, United States",20746,Suitland,4.5,8,OPERATIONAL,38.8409404,-76.93936479999999
ChIJ28v6DCy5t4kRWNEX5Br-7Hc,7-Ten Beer Wine & Grocery,"3664 St Barnabas Rd, Hillcrest Heights, MD 20746, United States",20746,Suitland,4.6,5,OPERATIONAL,38.840263,-76.9410584
ChIJYUeI80-5t4kRe4gdxJshG1o,Rubio Inc,"4519 Silver Hill Rd, Hillcrest Heights, MD 20746, United States",20746,Suitland,,,OPERATIONAL,38.8439212,-76.92885059999999
ChIJFaeZkk-5t4kRnqWWhdfW8Zc,Best 1 Convenience Store,"4523 Silver Hill Rd, Hillcrest Heights, MD 20746, United States",20746,Suitland,3.7,72,OPERATIONAL,38.8440286,-76.9286928
ChIJgy7AUvO-t4kR65sm2Gn32HI,Dodge City Market,"7409 Marlboro Pike, District Heights, MD 20747, United States",20746,Suitland,4.4,36,OPERATIONAL,38.8474838,-76.8782988
ChIJ108OvsG-t4kRFA76SVpypbY,Pramukh Management,"6439 Marlboro Pike, Forestville, MD 20747, United States",20747,District Heights,4,1,CLOSED_TEMPORARILY,38.8514241,-76.8969953
ChIJKzkLUuG9t4kRm81lcmIjRo4,Meadow's Market,"9400 Marlboro Pike, Upper Marlboro, MD 20772, United States",20762,Andrews Air Force Base,4.4,81,OPERATIONAL,38.8175376,-76.84380879999999
ChIJ45JC_KmWt4kRjIKlOQi8EQs,Marlboro Liquors,"5725 Crain Hwy, Upper Marlboro, MD 20772, United States",20772,Upper Marlboro,4.3,196,OPERATIONAL,38.8115219,-76.7419397
ChIJOVZFjBuUt4kRM-bP85nW1bU,Marlboro Country Liquors,"14808 Main St, Upper Marlboro, MD 20772, United States",20772,Upper Marlboro,4.2,180,OPERATIONAL,38.8175562,-76.7492854
ChIJR9f3lfaTt4kRDXOkJ91bHGs,Bossy's Liquor,"16001 Marlboro Pike, Upper Marlboro, MD 20772, United States",20772,Upper Marlboro,4.4,39,OPERATIONAL,38.8241248,-76.7292733
ChIJp5MkP2uXt4kRcaOf3_37lYI,Moore's Country Store,"10104 Croom Rd, Upper Marlboro, MD 20772, United States",20772,Upper Marlboro,4.3,30,OPERATIONAL,38.750528,-76.7609073
ChIJNRiJ64eTt4kRhIMuU-NHPqU,"The Free State Distillery, Inc","1001 Prince Georges Blvd STE 200, Upper Marlboro, MD 20774, United States",20772,Upper Marlboro,4.9,31,OPERATIONAL,38.8773134,-76.72534519999999
ChIJa-6UMVTHt4kR175_FsPLllo,Chillum Wine & Spirits,"5813 Eastern Ave NE, Hyattsville, MD 20782, United States",20781,Hyattsville,4.8,91,OPERATIONAL,38.96096680000001,-76.9947498
ChIJP2W_5hLGt4kRHac91ihv1G8,La Licoreria,"8038 New Hampshire Ave, Hyattsville, MD 20783, United States",20781,Hyattsville,4.1,110,OPERATIONAL,38.9911929,-76.98906
ChIJf8guxD7Ht4kRaF0CNhbPjuo,MEGA LICORES,"6333 New Hampshire Ave, Takoma Park, MD 20912, United States",20782,Hyattsville,5,6,OPERATIONAL,38.96662130000001,-77.0009816
ChIJg41C5tvHt4kRKHzfWzt6aKI,Salud Beer and Wine,"1173A University Blvd E, Takoma Park, MD 20912, United States",20782,Hyattsville,5,2,OPERATIONAL,38.9883349,-76.9888326
ChIJ_WEuIWrGt4kR5pJlR2X9SQk,New Grand Mart,"1535 University Blvd E, Hyattsville, MD 20783, United States",20782,Hyattsville,4.2,973,OPERATIONAL,38.984016,-76.981815
ChIJyUKgUmbGt4kRCI0Vf93bI8A,Hyattsville Convenience Store,"2230 University Blvd E, Adelphi, MD 20783, United States",20782,Hyattsville,3.5,2,OPERATIONAL,38.9843463,-76.97365440000002
ChIJDe5ONCDHt4kRMmFdqfOxwcQ,Yes! Organic Market - Hyattsville,"5331 Baltimore Ave #101, Hyattsville, MD 20781, United States",20782,Hyattsville,4.4,690,OPERATIONAL,38.95487139999999,-76.9401074
ChIJpcN0yU_Ht4kRsDh0PhTwLoA,Grocery Store Hyattsville,"2010 University Blvd E, Hyattsville, MD 20783, United States",20783,Hyattsville,3.7,21,OPERATIONAL,38.9839387,-76.97830259999999
ChIJWZfxIXzBt4kROeJLvMGcFfo,New Grand Mart,"8401 Annapolis Rd, New Carrollton, MD 20784, United States",20784,Hyattsville,4.3,467,OPERATIONAL,38.95624540000001,-76.86949919999999
ChIJSQVQ1WPHt4kRmuW2eHD5h_0,Langley park beer&wine,"1401 University Blvd E G3B, Hyattsville, MD 20783, United States",20784,Hyattsville,5,2,OPERATIONAL,38.9861234,-76.9842592
ChIJM7ZN0U_At4kRJKglosINc9g,Potomac Selections Inc,"3601 West St, Landover, MD 20785, United States",20784,Hyattsville,3.7,3,OPERATIONAL,38.9401146,-76.8604457
ChIJ4YCNV_LAt4kRqKyGD-293JQ,Narcisso Wine Cellar,"3341 75th Ave STE B4, Hyattsville, MD 20785, United States",20784,Hyattsville,,,OPERATIONAL,38.9325074,-76.8814199
ChIJNdatGPLAt4kRK2XKGLF-lAc,Universal Wine & Spirits,"3361 75th Ave, Landover, MD 20785, United States",20785,Hyattsville,,,CLOSED_PERMANENTLY,38.9346948,-76.8818915
